﻿<?xml version="1.0" encoding="utf-8"?><feed xml:lang="ja" xmlns="http://www.w3.org/2005/Atom"><title type="text">TextBox</title><id>uuid:03860478-a240-47b3-8473-ae14d7c94571;id=6</id><updated>2014-05-19T08:58:31Z</updated><link href="http://rentacka.github.io/blogs/" /><entry><id>uuid:03860478-a240-47b3-8473-ae14d7c94571;id=7</id><title type="text">Site４４からGitHubにドメインを変更した。.html</title><updated>2014-05-19T08:58:31Z</updated><link rel="alternate" href="http://rentacka.github.io/blogs/Site%EF%BC%94%EF%BC%94%E3%81%8B%E3%82%89GitHub%E3%81%AB%E3%83%89%E3%83%A1%E3%82%A4%E3%83%B3%E3%82%92%E5%A4%89%E6%9B%B4%E3%81%97%E3%81%9F%E3%80%82.html" /><content type="text"></content></entry><entry><id>uuid:03860478-a240-47b3-8473-ae14d7c94571;id=8</id><title type="text">ブログとして運用してみようかと思う。.html</title><updated>2014-05-19T08:58:31Z</updated><link rel="alternate" href="http://rentacka.github.io/blogs/%E3%83%96%E3%83%AD%E3%82%B0%E3%81%A8%E3%81%97%E3%81%A6%E9%81%8B%E7%94%A8%E3%81%97%E3%81%A6%E3%81%BF%E3%82%88%E3%81%86%E3%81%8B%E3%81%A8%E6%80%9D%E3%81%86%E3%80%82.html" /><content type="text"></content></entry><entry><id>uuid:03860478-a240-47b3-8473-ae14d7c94571;id=9</id><title type="text">再生リストを変換して、youtubeから検索。１日目.html</title><updated>2014-05-19T08:58:31Z</updated><link rel="alternate" href="http://rentacka.github.io/blogs/%E5%86%8D%E7%94%9F%E3%83%AA%E3%82%B9%E3%83%88%E3%82%92%E5%A4%89%E6%8F%9B%E3%81%97%E3%81%A6%E3%80%81youtube%E3%81%8B%E3%82%89%E6%A4%9C%E7%B4%A2%E3%80%82%EF%BC%91%E6%97%A5%E7%9B%AE.html" /><content type="text"></content></entry><entry><id>uuid:03860478-a240-47b3-8473-ae14d7c94571;id=10</id><title type="text">更新ソフトの取り扱い.html</title><updated>2014-05-19T08:58:31Z</updated><link rel="alternate" href="http://rentacka.github.io/blogs/%E6%9B%B4%E6%96%B0%E3%82%BD%E3%83%95%E3%83%88%E3%81%AE%E5%8F%96%E3%82%8A%E6%89%B1%E3%81%84.html" /><content type="text"></content></entry></feed>